9836,2014-07-08 00:15:00-05,0.0,nan,nan,nan,nan,nan,nan,nan,nan,nan,nan,nan,nan,nan,nan,nan,nan,0.004,nan,nan,0.0,0.0,nan,nan,nan,0.006999999999999999,nan,nan,nan,0.7020000000000001,nan,nan,nan,nan,nan,nan,nan,nan,0.0,0.006999999999999999,nan,nan,nan,nan,nan,nan,nan,nan,0.005,nan,nan,nan,nan,nan,nan,nan,nan,nan,nan,nan,0.012,nan,nan,nan,nan,0.001,nan,nan,nan,nan,nan,nan,nan,nan,nan,119.949,120.337
9836,2014-07-08 00:30:00-05,0.0,nan,nan,nan,nan,nan,nan,nan,nan,nan,nan,nan,nan,nan,nan,nan,nan,0.004,nan,nan,0.0,0.0,nan,nan,nan,0.006999999999999999,nan,nan,nan,0.637,nan,nan,nan,nan,nan,nan,nan,nan,0.0,0.006999999999999999,nan,nan,nan,nan,nan,nan,nan,nan,0.005,nan,nan,nan,nan,nan,nan,nan,nan,nan,nan,nan,0.076,nan,nan,nan,nan,0.002,nan,nan,nan,nan,nan,nan,nan,nan,nan,120.14200000000001,120.579
9836,2014-07-08 00:45:00-05,0.0,nan,nan,nan,nan,nan,nan,nan,nan,nan,nan,nan,nan,nan,nan,nan,nan,0.004,nan,nan,0.001,0.0,nan,nan,nan,0.006999999999999999,nan,nan,nan,0.9259999999999999,nan,nan,nan,nan,nan,nan,nan,nan,0.001,0.006999999999999999,nan,nan,nan,nan,nan,nan,nan,nan,0.004,nan,nan,nan,nan,nan,nan,nan,nan,nan,nan,nan,0.09300000000000001,nan,nan,nan,nan,0.001,nan,nan,nan,nan,nan,nan,nan,nan,nan,120.154,120.83
9836,2014-07-08 01:00:00-05,0.0,nan,nan,nan,nan,nan,nan,nan,nan,nan,nan,nan,nan,nan,nan,nan,nan,0.004,nan,nan,0.0,0.0,nan,nan,nan,0.006999999999999999,nan,nan,nan,0.677,nan,nan,nan,nan,nan,nan,nan,nan,0.0,0.006999999999999999,nan,nan,nan,nan,nan,nan,nan,nan,0.005,nan,nan,nan,nan,nan,nan,nan,nan,nan,nan,nan,0.011000000000000001,nan,nan,nan,nan,0.002,nan,nan,nan,nan,nan,nan,nan,nan,nan,120.12100000000001,120.764
9836,2014-07-08 01:15:00-05,0.0,nan,nan,nan,nan,nan,nan,nan,nan,nan,nan,nan,nan,nan,nan,nan,nan,0.004,nan,nan,0.0,0.0,nan,nan,nan,0.006999999999999999,nan,nan,nan,0.406,nan,nan,nan,nan,nan,nan,nan,nan,0.0,0.006999999999999999,nan,nan,nan,nan,nan,nan,nan,nan,0.005,nan,nan,nan,nan,nan,nan,nan,nan,nan,nan,nan,0.054000000000000006,nan,nan,nan,nan,0.0,nan,nan,nan,nan,nan,nan,nan,nan,nan,119.766,120.225
9836,2014-07-08 01:30:00-05,0.0,nan,nan,nan,nan,nan,nan,nan,nan,nan,nan,nan,nan,nan,nan,nan,nan,0.004,nan,nan,0.0,0.0,nan,nan,nan,0.006999999999999999,nan,nan,nan,0.41200000000000003,nan,nan,nan,nan,nan,nan,nan,nan,0.0,0.006999999999999999,nan,nan,nan,nan,nan,nan,nan,nan,0.005,nan,nan,nan,nan,nan,nan,nan,nan,nan,nan,nan,0.1,nan,nan,nan,nan,0.0,nan,nan,nan,nan,nan,nan,nan,nan,nan,120.15100000000001,120.491
9836,2014-07-08 01:45:00-05,0.0,nan,nan,nan,nan,nan,nan,nan,nan,nan,nan,nan,nan,nan,nan,nan,nan,0.004,nan,nan,0.0,0.0,nan,nan,nan,0.006999999999999999,nan,nan,nan,0.28800000000000003,nan,nan,nan,nan,nan,nan,nan,nan,0.0,0.006999999999999999,nan,nan,nan,nan,nan,nan,nan,nan,0.005,nan,nan,nan,nan,nan,nan,nan,nan,nan,nan,nan,0.02,nan,nan,nan,nan,0.0,nan,nan,nan,nan,nan,nan,nan,nan,nan,120.109,120.45200000000001
9836,2014-07-08 02:00:00-05,0.0,nan,nan,nan,nan,nan,nan,nan,nan,nan,nan,nan,nan,nan,nan,nan,nan,0.004,nan,nan,0.0,0.0,nan,nan,nan,0.006999999999999999,nan,nan,nan,0.318,nan,nan,nan,nan,nan,nan,nan,nan,0.0,0.006999999999999999,nan,nan,nan,nan,nan,nan,nan,nan,0.005,nan,nan,nan,nan,nan,nan,nan,nan,nan,nan,nan,0.035,nan,nan,nan,nan,0.0,nan,nan,nan,nan,nan,nan,nan,nan,nan,119.859,120.214
9836,2014-07-08 02:15:00-05,0.0,nan,nan,nan,nan,nan,nan,nan,nan,nan,nan,nan,nan,nan,nan,nan,nan,0.004,nan,nan,0.0,0.0,nan,nan,nan,0.006999999999999999,nan,nan,nan,0.365,nan,nan,nan,nan,nan,nan,nan,nan,0.0,0.006999999999999999,nan,nan,nan,nan,nan,nan,nan,nan,0.005,nan,nan,nan,nan,nan,nan,nan,nan,nan,nan,nan,0.106,nan,nan,nan,nan,0.0,nan,nan,nan,nan,nan,nan,nan,nan,nan,120.15299999999999,120.45700000000001
9836,2014-07-08 02:30:00-05,0.0,nan,nan,nan,nan,nan,nan,nan,nan,nan,nan,nan,nan,nan,nan,nan,nan,0.004,nan,nan,0.0,0.0,nan,nan,nan,0.006999999999999999,nan,nan,nan,0.396,nan,nan,nan,nan,nan,nan,nan,nan,0.0,0.006999999999999999,nan,nan,nan,nan,nan,nan,nan,nan,0.005,nan,nan,nan,nan,nan,nan,nan,nan,nan,nan,nan,0.10300000000000001,nan,nan,nan,nan,0.0,nan,nan,nan,nan,nan,nan,nan,nan,nan,120.43799999999999,120.72200000000001
9836,2014-07-08 02:45:00-05,0.0,nan,nan,nan,nan,nan,nan,nan,nan,nan,nan,nan,nan,nan,nan,nan,nan,0.004,nan,nan,0.0,0.0,nan,nan,nan,0.006999999999999999,nan,nan,nan,0.342,nan,nan,nan,nan,nan,nan,nan,nan,0.0,0.006999999999999999,nan,nan,nan,nan,nan,nan,nan,nan,0.005,nan,nan,nan,nan,nan,nan,nan,nan,nan,nan,nan,0.05,nan,nan,nan,nan,0.0,nan,nan,nan,nan,nan,nan,nan,nan,nan,120.583,120.852
9836,2014-07-08 03:00:00-05,0.0,nan,nan,nan,nan,nan,nan,nan,nan,nan,nan,nan,nan,nan,nan,nan,nan,0.004,nan,nan,0.0,0.0,nan,nan,nan,0.006999999999999999,nan,nan,nan,0.268,nan,nan,nan,nan,nan,nan,nan,nan,0.0,0.006999999999999999,nan,nan,nan,nan,nan,nan,nan,nan,0.005,nan,nan,nan,nan,nan,nan,nan,nan,nan,nan,nan,0.011000000000000001,nan,nan,nan,nan,0.0,nan,nan,nan,nan,nan,nan,nan,nan,nan,120.26100000000001,120.60700000000001
9836,2014-07-08 03:15:00-05,0.0,nan,nan,nan,nan,nan,nan,nan,nan,nan,nan,nan,nan,nan,nan,nan,nan,0.004,nan,nan,0.0,0.0,nan,nan,nan,0.006999999999999999,nan,nan,nan,0.366,nan,nan,nan,nan,nan,nan,nan,nan,0.0,0.006999999999999999,nan,nan,nan,nan,nan,nan,nan,nan,0.005,nan,nan,nan,nan,nan,nan,nan,nan,nan,nan,nan,0.092,nan,nan,nan,nan,0.0,nan,nan,nan,nan,nan,nan,nan,nan,nan,120.49700000000001,120.77600000000001
9836,2014-07-08 03:30:00-05,0.0,nan,nan,nan,nan,nan,nan,nan,nan,nan,nan,nan,nan,nan,nan,nan,nan,0.004,nan,nan,0.0,0.0,nan,nan,nan,0.006999999999999999,nan,nan,nan,0.326,nan,nan,nan,nan,nan,nan,nan,nan,0.0,0.006999999999999999,nan,nan,nan,nan,nan,nan,nan,nan,0.005,nan,nan,nan,nan,nan,nan,nan,nan,nan,nan,nan,0.07,nan,nan,nan,nan,0.0,nan,nan,nan,nan,nan,nan,nan,nan,nan,120.40100000000001,120.685
9836,2014-07-08 03:45:00-05,0.0,nan,nan,nan,nan,nan,nan,nan,nan,nan,nan,nan,nan,nan,nan,nan,nan,0.004,nan,nan,0.0,0.0,nan,nan,nan,0.006999999999999999,nan,nan,nan,0.272,nan,nan,nan,nan,nan,nan,nan,nan,0.0,0.006999999999999999,nan,nan,nan,nan,nan,nan,nan,nan,0.005,nan,nan,nan,nan,nan,nan,nan,nan,nan,nan,nan,0.011000000000000001,nan,nan,nan,nan,0.0,nan,nan,nan,nan,nan,nan,nan,nan,nan,120.307,120.601
9836,2014-07-08 04:00:00-05,0.0,nan,nan,nan,nan,nan,nan,nan,nan,nan,nan,nan,nan,nan,nan,nan,nan,0.004,nan,nan,0.0,0.0,nan,nan,nan,0.006999999999999999,nan,nan,nan,0.33799999999999997,nan,nan,nan,nan,nan,nan,nan,nan,0.0,0.006999999999999999,nan,nan,nan,nan,nan,nan,nan,nan,0.005,nan,nan,nan,nan,nan,nan,nan,nan,nan,nan,nan,0.071,nan,nan,nan,nan,0.0,nan,nan,nan,nan,nan,nan,nan,nan,nan,120.295,120.585
9836,2014-07-08 04:15:00-05,0.0,nan,nan,nan,nan,nan,nan,nan,nan,nan,nan,nan,nan,nan,nan,nan,nan,0.004,nan,nan,0.0,0.0,nan,nan,nan,0.006999999999999999,nan,nan,nan,0.342,nan,nan,nan,nan,nan,nan,nan,nan,0.0,0.006999999999999999,nan,nan,nan,nan,nan,nan,nan,nan,0.005,nan,nan,nan,nan,nan,nan,nan,nan,nan,nan,nan,0.09,nan,nan,nan,nan,0.0,nan,nan,nan,nan,nan,nan,nan,nan,nan,120.29799999999999,120.579
9836,2014-07-08 04:30:00-05,0.0,nan,nan,nan,nan,nan,nan,nan,nan,nan,nan,nan,nan,nan,nan,nan,nan,0.004,nan,nan,0.0,0.0,nan,nan,nan,0.006999999999999999,nan,nan,nan,0.295,nan,nan,nan,nan,nan,nan,nan,nan,0.0,0.006999999999999999,nan,nan,nan,nan,nan,nan,nan,nan,0.005,nan,nan,nan,nan,nan,nan,nan,nan,nan,nan,nan,0.011000000000000001,nan,nan,nan,nan,0.0,nan,nan,nan,nan,nan,nan,nan,nan,nan,119.916,120.259
9836,2014-07-08 04:45:00-05,0.0,nan,nan,nan,nan,nan,nan,nan,nan,nan,nan,nan,nan,nan,nan,nan,nan,0.004,nan,nan,0.0,0.0,nan,nan,nan,0.006999999999999999,nan,nan,nan,0.294,nan,nan,nan,nan,nan,nan,nan,nan,0.0,0.006999999999999999,nan,nan,nan,nan,nan,nan,nan,nan,0.005,nan,nan,nan,nan,nan,nan,nan,nan,nan,nan,nan,0.053,nan,nan,nan,nan,0.0,nan,nan,nan,nan,nan,nan,nan,nan,nan,120.07799999999999,120.37200000000001
9836,2014-07-08 05:00:00-05,0.0,nan,nan,nan,nan,nan,nan,nan,nan,nan,nan,nan,nan,nan,nan,nan,nan,0.004,nan,nan,0.0,0.0,nan,nan,nan,0.006999999999999999,nan,nan,nan,0.353,nan,nan,nan,nan,nan,nan,nan,nan,0.0,0.006999999999999999,nan,nan,nan,nan,nan,nan,nan,nan,0.005,nan,nan,nan,nan,nan,nan,nan,nan,nan,nan,nan,0.1,nan,nan,nan,nan,0.0,nan,nan,nan,nan,nan,nan,nan,nan,nan,120.07700000000001,120.355
9836,2014-07-08 05:15:00-05,0.0,nan,nan,nan,nan,nan,nan,nan,nan,nan,nan,nan,nan,nan,nan,nan,nan,0.004,nan,nan,0.0,0.0,nan,nan,nan,0.006999999999999999,nan,nan,nan,0.3,nan,nan,nan,nan,nan,nan,nan,nan,0.0,0.006999999999999999,nan,nan,nan,nan,nan,nan,nan,nan,0.005,nan,nan,nan,nan,nan,nan,nan,nan,nan,nan,nan,0.017,nan,nan,nan,nan,0.0,nan,nan,nan,nan,nan,nan,nan,nan,nan,120.072,120.35700000000001
9836,2014-07-08 05:30:00-05,0.0,nan,nan,nan,nan,nan,nan,nan,nan,nan,nan,nan,nan,nan,nan,nan,nan,0.004,nan,nan,0.0,0.0,nan,nan,nan,0.006999999999999999,nan,nan,nan,0.276,nan,nan,nan,nan,nan,nan,nan,nan,0.0,0.006999999999999999,nan,nan,nan,nan,nan,nan,nan,nan,0.005,nan,nan,nan,nan,nan,nan,nan,nan,nan,nan,nan,0.036000000000000004,nan,nan,nan,nan,0.0,nan,nan,nan,nan,nan,nan,nan,nan,nan,120.109,120.416
9836,2014-07-08 05:45:00-05,0.0,nan,nan,nan,nan,nan,nan,nan,nan,nan,nan,nan,nan,nan,nan,nan,nan,0.004,nan,nan,0.0,0.0,nan,nan,nan,0.006999999999999999,nan,nan,nan,0.379,nan,nan,nan,nan,nan,nan,nan,nan,0.0,0.006999999999999999,nan,nan,nan,nan,nan,nan,nan,nan,0.005,nan,nan,nan,nan,nan,nan,nan,nan,nan,nan,nan,0.105,nan,nan,nan,nan,0.0,nan,nan,nan,nan,nan,nan,nan,nan,nan,120.103,120.37700000000001
9836,2014-07-08 06:00:00-05,0.0,nan,nan,nan,nan,nan,nan,nan,nan,nan,nan,nan,nan,nan,nan,nan,nan,0.004,nan,nan,0.0,0.0,nan,nan,nan,0.006999999999999999,nan,nan,nan,0.363,nan,nan,nan,nan,nan,nan,nan,nan,0.0,0.006999999999999999,nan,nan,nan,nan,nan,nan,nan,nan,0.005,nan,nan,nan,nan,nan,nan,nan,nan,nan,nan,nan,0.10300000000000001,nan,nan,nan,nan,0.0,nan,nan,nan,nan,nan,nan,nan,nan,nan,119.92399999999999,120.219
9836,2014-07-08 06:15:00-05,0.0,nan,nan,nan,nan,nan,nan,nan,nan,nan,nan,nan,nan,nan,nan,nan,nan,0.004,nan,nan,0.0,0.0,nan,nan,nan,0.006999999999999999,nan,nan,nan,0.27899999999999997,nan,nan,nan,nan,nan,nan,nan,nan,0.0,0.006999999999999999,nan,nan,nan,nan,nan,nan,nan,nan,0.005,nan,nan,nan,nan,nan,nan,nan,nan,nan,nan,nan,0.04,nan,nan,nan,nan,0.0,nan,nan,nan,nan,nan,nan,nan,nan,nan,119.60600000000001,119.977
9836,2014-07-08 06:30:00-05,0.0,nan,nan,nan,nan,nan,nan,nan,nan,nan,nan,nan,nan,nan,nan,nan,nan,0.004,nan,nan,0.0,0.0,nan,nan,nan,0.006999999999999999,nan,nan,nan,0.295,nan,nan,nan,nan,nan,nan,nan,nan,0.0,0.006999999999999999,nan,nan,nan,nan,nan,nan,nan,nan,0.005,nan,nan,nan,nan,nan,nan,nan,nan,nan,nan,nan,0.012,nan,nan,nan,nan,0.0,nan,nan,nan,nan,nan,nan,nan,nan,nan,119.579,119.87799999999999
9836,2014-07-08 06:45:00-05,0.0,nan,nan,nan,nan,nan,nan,nan,nan,nan,nan,nan,nan,nan,nan,nan,nan,0.004,nan,nan,0.0,0.0,nan,nan,nan,0.006999999999999999,nan,nan,nan,0.344,nan,nan,nan,nan,nan,nan,nan,nan,0.0,0.006999999999999999,nan,nan,nan,nan,nan,nan,nan,nan,0.005,nan,nan,nan,nan,nan,nan,nan,nan,nan,nan,nan,0.094,nan,nan,nan,nan,0.0,nan,nan,nan,nan,nan,nan,nan,nan,nan,119.54899999999999,119.833
9836,2014-07-08 07:00:00-05,0.0,nan,nan,nan,nan,nan,nan,nan,nan,nan,nan,nan,nan,nan,nan,nan,nan,0.004,nan,nan,0.0,0.0,nan,nan,nan,0.006999999999999999,nan,nan,nan,0.308,nan,nan,nan,nan,nan,nan,nan,nan,0.0,0.006999999999999999,nan,nan,nan,nan,nan,nan,nan,nan,0.005,nan,nan,nan,nan,nan,nan,nan,nan,nan,nan,nan,0.068,nan,nan,nan,nan,0.0,nan,nan,nan,nan,nan,nan,nan,nan,nan,119.92200000000001,120.21600000000001
9836,2014-07-08 07:15:00-05,0.0,nan,nan,nan,nan,nan,nan,nan,nan,nan,nan,nan,nan,nan,nan,nan,nan,0.004,nan,nan,0.0,0.0,nan,nan,nan,0.006999999999999999,nan,nan,nan,0.292,nan,nan,nan,nan,nan,nan,nan,nan,0.0,0.006999999999999999,nan,nan,nan,nan,nan,nan,nan,nan,0.005,nan,nan,nan,nan,nan,nan,nan,nan,nan,nan,nan,0.009000000000000001,nan,nan,nan,nan,0.0,nan,nan,nan,nan,nan,nan,nan,nan,nan,120.51100000000001,120.80799999999999
9836,2014-07-08 07:30:00-05,0.0,nan,nan,nan,nan,nan,nan,nan,nan,nan,nan,nan,nan,nan,nan,nan,nan,0.004,nan,nan,0.0,0.0,nan,nan,nan,0.006999999999999999,nan,nan,nan,0.309,nan,nan,nan,nan,nan,nan,nan,nan,0.0,0.006999999999999999,nan,nan,nan,nan,nan,nan,nan,nan,0.005,nan,nan,nan,nan,nan,nan,nan,nan,nan,nan,nan,0.015,nan,nan,nan,nan,0.0,nan,nan,nan,nan,nan,nan,nan,nan,nan,120.376,120.723
9836,2014-07-08 07:45:00-05,0.0,nan,nan,nan,nan,nan,nan,nan,nan,nan,nan,nan,nan,nan,nan,nan,nan,0.004,nan,nan,0.0,0.0,nan,nan,nan,0.006999999999999999,nan,nan,nan,0.29600000000000004,nan,nan,nan,nan,nan,nan,nan,nan,0.0,0.006999999999999999,nan,nan,nan,nan,nan,nan,nan,nan,0.005,nan,nan,nan,nan,nan,nan,nan,nan,nan,nan,nan,0.094,nan,nan,nan,nan,-0.001,nan,nan,nan,nan,nan,nan,nan,nan,nan,120.413,120.64399999999999
9836,2014-07-08 08:00:00-05,0.0,nan,nan,nan,nan,nan,nan,nan,nan,nan,nan,nan,nan,nan,nan,nan,nan,0.004,nan,nan,0.0,0.0,nan,nan,nan,0.006999999999999999,nan,nan,nan,0.256,nan,nan,nan,nan,nan,nan,nan,nan,0.0,0.006999999999999999,nan,nan,nan,nan,nan,nan,nan,nan,0.005,nan,nan,nan,nan,nan,nan,nan,nan,nan,nan,nan,0.09300000000000001,nan,nan,nan,nan,0.003,nan,nan,nan,nan,nan,nan,nan,nan,nan,120.15100000000001,120.41799999999999
9836,2014-07-08 08:15:00-05,0.0,nan,nan,nan,nan,nan,nan,nan,nan,nan,nan,nan,nan,nan,nan,nan,nan,0.004,nan,nan,0.0,0.0,nan,nan,nan,0.006999999999999999,nan,nan,nan,0.22,nan,nan,nan,nan,nan,nan,nan,nan,0.0,0.006999999999999999,nan,nan,nan,nan,nan,nan,nan,nan,0.005,nan,nan,nan,nan,nan,nan,nan,nan,nan,nan,nan,0.08800000000000001,nan,nan,nan,nan,0.024,nan,nan,nan,nan,nan,nan,nan,nan,nan,120.333,120.615
9836,2014-07-08 08:30:00-05,0.0,nan,nan,nan,nan,nan,nan,nan,nan,nan,nan,nan,nan,nan,nan,nan,nan,0.004,nan,nan,0.0,0.0,nan,nan,nan,0.006999999999999999,nan,nan,nan,0.317,nan,nan,nan,nan,nan,nan,nan,nan,0.0,0.006999999999999999,nan,nan,nan,nan,nan,nan,nan,nan,0.005,nan,nan,nan,nan,nan,nan,nan,nan,nan,nan,nan,0.027999999999999997,nan,nan,nan,nan,0.059000000000000004,nan,nan,nan,nan,nan,nan,nan,nan,nan,120.296,120.61200000000001
9836,2014-07-08 08:45:00-05,0.0,nan,nan,nan,nan,nan,nan,nan,nan,nan,nan,nan,nan,nan,nan,nan,nan,0.004,nan,nan,0.0,0.0,nan,nan,nan,0.006999999999999999,nan,nan,nan,0.14800000000000002,nan,nan,nan,nan,nan,nan,nan,nan,0.0,0.006999999999999999,nan,nan,nan,nan,nan,nan,nan,nan,0.005,nan,nan,nan,nan,nan,nan,nan,nan,nan,nan,nan,0.009000000000000001,nan,nan,nan,nan,0.106,nan,nan,nan,nan,nan,nan,nan,nan,nan,120.244,120.565
9836,2014-07-08 09:00:00-05,0.0,nan,nan,nan,nan,nan,nan,nan,nan,nan,nan,nan,nan,nan,nan,nan,nan,0.004,nan,nan,0.0,0.0,nan,nan,nan,0.006999999999999999,nan,nan,nan,-0.03,nan,nan,nan,nan,nan,nan,nan,nan,0.0,0.006999999999999999,nan,nan,nan,nan,nan,nan,nan,nan,0.005,nan,nan,nan,nan,nan,nan,nan,nan,nan,nan,nan,0.055,nan,nan,nan,nan,0.20199999999999999,nan,nan,nan,nan,nan,nan,nan,nan,nan,120.11399999999999,120.334
9836,2014-07-08 09:15:00-05,0.0,nan,nan,nan,nan,nan,nan,nan,nan,nan,nan,nan,nan,nan,nan,nan,nan,0.004,nan,nan,0.0,0.0,nan,nan,nan,0.006999999999999999,nan,nan,nan,-0.016,nan,nan,nan,nan,nan,nan,nan,nan,0.0,0.006999999999999999,nan,nan,nan,nan,nan,nan,nan,nan,0.005,nan,nan,nan,nan,nan,nan,nan,nan,nan,nan,nan,0.092,nan,nan,nan,nan,0.245,nan,nan,nan,nan,nan,nan,nan,nan,nan,120.221,120.40299999999999
9836,2014-07-08 09:30:00-05,0.0,nan,nan,nan,nan,nan,nan,nan,nan,nan,nan,nan,nan,nan,nan,nan,nan,0.004,nan,nan,0.0,0.0,nan,nan,nan,0.006999999999999999,nan,nan,nan,0.005,nan,nan,nan,nan,nan,nan,nan,nan,0.0,0.006999999999999999,nan,nan,nan,nan,nan,nan,nan,nan,0.005,nan,nan,nan,nan,nan,nan,nan,nan,nan,nan,nan,0.09300000000000001,nan,nan,nan,nan,0.259,nan,nan,nan,nan,nan,nan,nan,nan,nan,120.399,120.678
9836,2014-07-08 09:45:00-05,0.0,nan,nan,nan,nan,nan,nan,nan,nan,nan,nan,nan,nan,nan,nan,nan,nan,0.004,nan,nan,0.0,0.0,nan,nan,nan,0.006999999999999999,nan,nan,nan,-0.133,nan,nan,nan,nan,nan,nan,nan,nan,0.0,0.006999999999999999,nan,nan,nan,nan,nan,nan,nan,nan,0.005,nan,nan,nan,nan,nan,nan,nan,nan,nan,nan,nan,0.08900000000000001,nan,nan,nan,nan,0.37799999999999995,nan,nan,nan,nan,nan,nan,nan,nan,nan,120.39399999999999,120.64399999999999
9836,2014-07-08 10:00:00-05,0.0,nan,nan,nan,nan,nan,nan,nan,nan,nan,nan,nan,nan,nan,nan,nan,nan,0.004,nan,nan,0.0,0.0,nan,nan,nan,0.006999999999999999,nan,nan,nan,-0.44,nan,nan,nan,nan,nan,nan,nan,nan,0.0,0.006999999999999999,nan,nan,nan,nan,nan,nan,nan,nan,0.005,nan,nan,nan,nan,nan,nan,nan,nan,nan,nan,nan,0.071,nan,nan,nan,nan,0.626,nan,nan,nan,nan,nan,nan,nan,nan,nan,120.439,120.664
9836,2014-07-08 10:15:00-05,0.0,nan,nan,nan,nan,nan,nan,nan,nan,nan,nan,nan,nan,nan,nan,nan,nan,0.004,nan,nan,0.0,0.0,nan,nan,nan,0.006999999999999999,nan,nan,nan,-0.483,nan,nan,nan,nan,nan,nan,nan,nan,0.0,0.006999999999999999,nan,nan,nan,nan,nan,nan,nan,nan,0.005,nan,nan,nan,nan,nan,nan,nan,nan,nan,nan,nan,0.009000000000000001,nan,nan,nan,nan,0.635,nan,nan,nan,nan,nan,nan,nan,nan,nan,120.816,121.134
9836,2014-07-08 10:30:00-05,0.0,nan,nan,nan,nan,nan,nan,nan,nan,nan,nan,nan,nan,nan,nan,nan,nan,0.004,nan,nan,0.0,0.0,nan,nan,nan,0.006999999999999999,nan,nan,nan,-0.551,nan,nan,nan,nan,nan,nan,nan,nan,0.0,0.006999999999999999,nan,nan,nan,nan,nan,nan,nan,nan,0.005,nan,nan,nan,nan,nan,nan,nan,nan,nan,nan,nan,0.009000000000000001,nan,nan,nan,nan,0.7,nan,nan,nan,nan,nan,nan,nan,nan,nan,121.007,121.24799999999999
9836,2014-07-08 10:45:00-05,0.0,nan,nan,nan,nan,nan,nan,nan,nan,nan,nan,nan,nan,nan,nan,nan,nan,0.004,nan,nan,0.0,0.0,nan,nan,nan,0.006999999999999999,nan,nan,nan,-0.6859999999999999,nan,nan,nan,nan,nan,nan,nan,nan,0.0,0.006999999999999999,nan,nan,nan,nan,nan,nan,nan,nan,0.005,nan,nan,nan,nan,nan,nan,nan,nan,nan,nan,nan,0.042,nan,nan,nan,nan,0.8420000000000001,nan,nan,nan,nan,nan,nan,nan,nan,nan,120.656,120.94
9836,2014-07-08 11:00:00-05,0.0,nan,nan,nan,nan,nan,nan,nan,nan,nan,nan,nan,nan,nan,nan,nan,nan,0.004,nan,nan,0.0,0.0,nan,nan,nan,0.006999999999999999,nan,nan,nan,-0.6970000000000001,nan,nan,nan,nan,nan,nan,nan,nan,0.0,0.006999999999999999,nan,nan,nan,nan,nan,nan,nan,nan,0.005,nan,nan,nan,nan,nan,nan,nan,nan,nan,nan,nan,0.092,nan,nan,nan,nan,0.9470000000000001,nan,nan,nan,nan,nan,nan,nan,nan,nan,120.789,120.999
9836,2014-07-08 11:15:00-05,0.0,nan,nan,nan,nan,nan,nan,nan,nan,nan,nan,nan,nan,nan,nan,nan,nan,0.004,nan,nan,0.0,0.0,nan,nan,nan,0.006999999999999999,nan,nan,nan,-0.821,nan,nan,nan,nan,nan,nan,nan,nan,0.0,0.006999999999999999,nan,nan,nan,nan,nan,nan,nan,nan,0.005,nan,nan,nan,nan,nan,nan,nan,nan,nan,nan,nan,0.094,nan,nan,nan,nan,1.041,nan,nan,nan,nan,nan,nan,nan,nan,nan,121.103,121.35700000000001
9836,2014-07-08 11:30:00-05,0.0,nan,nan,nan,nan,nan,nan,nan,nan,nan,nan,nan,nan,nan,nan,nan,nan,0.004,nan,nan,0.0,0.0,nan,nan,nan,0.006999999999999999,nan,nan,nan,-0.887,nan,nan,nan,nan,nan,nan,nan,nan,0.0,0.006999999999999999,nan,nan,nan,nan,nan,nan,nan,nan,0.005,nan,nan,nan,nan,nan,nan,nan,nan,nan,nan,nan,0.08800000000000001,nan,nan,nan,nan,1.123,nan,nan,nan,nan,nan,nan,nan,nan,nan,121.176,121.28
9836,2014-07-08 11:45:00-05,0.0,nan,nan,nan,nan,nan,nan,nan,nan,nan,nan,nan,nan,nan,nan,nan,nan,0.004,nan,nan,0.0,0.0,nan,nan,nan,0.006999999999999999,nan,nan,nan,-1.067,nan,nan,nan,nan,nan,nan,nan,nan,0.0,0.006999999999999999,nan,nan,nan,nan,nan,nan,nan,nan,0.005,nan,nan,nan,nan,nan,nan,nan,nan,nan,nan,nan,0.016,nan,nan,nan,nan,1.225,nan,nan,nan,nan,nan,nan,nan,nan,nan,121.521,121.693
9836,2014-07-08 12:00:00-05,0.0,nan,nan,nan,nan,nan,nan,nan,nan,nan,nan,nan,nan,nan,nan,nan,nan,0.004,nan,nan,0.0,0.0,nan,nan,nan,0.006999999999999999,nan,nan,nan,-1.181,nan,nan,nan,nan,nan,nan,nan,nan,0.0,0.006999999999999999,nan,nan,nan,nan,nan,nan,nan,nan,0.005,nan,nan,nan,nan,nan,nan,nan,nan,nan,nan,nan,0.008,nan,nan,nan,nan,1.3359999999999999,nan,nan,nan,nan,nan,nan,nan,nan,nan,121.31200000000001,121.488
9836,2014-07-08 12:15:00-05,0.0,nan,nan,nan,nan,nan,nan,nan,nan,nan,nan,nan,nan,nan,nan,nan,nan,0.004,nan,nan,0.0,0.0,nan,nan,nan,0.006999999999999999,nan,nan,nan,-1.2329999999999999,nan,nan,nan,nan,nan,nan,nan,nan,0.0,0.006999999999999999,nan,nan,nan,nan,nan,nan,nan,nan,0.005,nan,nan,nan,nan,nan,nan,nan,nan,nan,nan,nan,0.022000000000000002,nan,nan,nan,nan,1.406,nan,nan,nan,nan,nan,nan,nan,nan,nan,121.421,121.641
9836,2014-07-08 12:30:00-05,0.0,nan,nan,nan,nan,nan,nan,nan,nan,nan,nan,nan,nan,nan,nan,nan,nan,0.004,nan,nan,0.0,0.0,nan,nan,nan,0.006999999999999999,nan,nan,nan,-1.272,nan,nan,nan,nan,nan,nan,nan,nan,0.0,0.006999999999999999,nan,nan,nan,nan,nan,nan,nan,nan,0.006,nan,nan,nan,nan,nan,nan,nan,nan,nan,nan,nan,0.091,nan,nan,nan,nan,1.4880000000000002,nan,nan,nan,nan,nan,nan,nan,nan,nan,121.59100000000001,121.81200000000001
9836,2014-07-08 12:45:00-05,0.0,nan,nan,nan,nan,nan,nan,nan,nan,nan,nan,nan,nan,nan,nan,nan,nan,0.004,nan,nan,0.0,0.0,nan,nan,nan,0.006999999999999999,nan,nan,nan,-1.375,nan,nan,nan,nan,nan,nan,nan,nan,0.0,0.006999999999999999,nan,nan,nan,nan,nan,nan,nan,nan,0.006,nan,nan,nan,nan,nan,nan,nan,nan,nan,nan,nan,0.09300000000000001,nan,nan,nan,nan,1.636,nan,nan,nan,nan,nan,nan,nan,nan,nan,121.67,121.865
9836,2014-07-08 13:00:00-05,0.0,nan,nan,nan,nan,nan,nan,nan,nan,nan,nan,nan,nan,nan,nan,nan,nan,0.004,nan,nan,0.0,0.0,nan,nan,nan,0.006999999999999999,nan,nan,nan,-1.48,nan,nan,nan,nan,nan,nan,nan,nan,0.0,0.006999999999999999,nan,nan,nan,nan,nan,nan,nan,nan,0.006,nan,nan,nan,nan,nan,nan,nan,nan,nan,nan,nan,0.08900000000000001,nan,nan,nan,nan,1.699,nan,nan,nan,nan,nan,nan,nan,nan,nan,121.83,121.992
9836,2014-07-08 13:15:00-05,0.0,nan,nan,nan,nan,nan,nan,nan,nan,nan,nan,nan,nan,nan,nan,nan,nan,0.004,nan,nan,0.0,0.0,nan,nan,nan,0.006999999999999999,nan,nan,nan,-1.6,nan,nan,nan,nan,nan,nan,nan,nan,0.0,0.006999999999999999,nan,nan,nan,nan,nan,nan,nan,nan,0.005,nan,nan,nan,nan,nan,nan,nan,nan,nan,nan,nan,0.015,nan,nan,nan,nan,1.765,nan,nan,nan,nan,nan,nan,nan,nan,nan,121.839,122.01
9836,2014-07-08 13:30:00-05,0.0,nan,nan,nan,nan,nan,nan,nan,nan,nan,nan,nan,nan,nan,nan,nan,nan,0.004,nan,nan,0.0,0.0,nan,nan,nan,0.006999999999999999,nan,nan,nan,-1.631,nan,nan,nan,nan,nan,nan,nan,nan,0.0,0.006999999999999999,nan,nan,nan,nan,nan,nan,nan,nan,0.005,nan,nan,nan,nan,nan,nan,nan,nan,nan,nan,nan,0.006999999999999999,nan,nan,nan,nan,1.8090000000000002,nan,nan,nan,nan,nan,nan,nan,nan,nan,121.86,122.053
9836,2014-07-08 13:45:00-05,0.0,nan,nan,nan,nan,nan,nan,nan,nan,nan,nan,nan,nan,nan,nan,nan,nan,0.004,nan,nan,0.0,0.0,nan,nan,nan,0.006999999999999999,nan,nan,nan,-1.7280000000000002,nan,nan,nan,nan,nan,nan,nan,nan,0.0,0.006999999999999999,nan,nan,nan,nan,nan,nan,nan,nan,0.006,nan,nan,nan,nan,nan,nan,nan,nan,nan,nan,nan,0.021,nan,nan,nan,nan,1.867,nan,nan,nan,nan,nan,nan,nan,nan,nan,122.105,122.29700000000001
9836,2014-07-08 14:00:00-05,0.0,nan,nan,nan,nan,nan,nan,nan,nan,nan,nan,nan,nan,nan,nan,nan,nan,0.004,nan,nan,0.0,0.0,nan,nan,nan,0.006999999999999999,nan,nan,nan,-1.393,nan,nan,nan,nan,nan,nan,nan,nan,0.0,0.006999999999999999,nan,nan,nan,nan,nan,nan,nan,nan,0.006,nan,nan,nan,nan,nan,nan,nan,nan,nan,nan,nan,0.091,nan,nan,nan,nan,1.651,nan,nan,nan,nan,nan,nan,nan,nan,nan,122.02799999999999,122.178
9836,2014-07-08 14:15:00-05,0.0,nan,nan,nan,nan,nan,nan,nan,nan,nan,nan,nan,nan,nan,nan,nan,nan,0.004,nan,nan,0.001,0.0,nan,nan,nan,0.006999999999999999,nan,nan,nan,-1.692,nan,nan,nan,nan,nan,nan,nan,nan,0.0,0.006999999999999999,nan,nan,nan,nan,nan,nan,nan,nan,0.006,nan,nan,nan,nan,nan,nan,nan,nan,nan,nan,nan,0.09300000000000001,nan,nan,nan,nan,1.9569999999999999,nan,nan,nan,nan,nan,nan,nan,nan,nan,122.19,122.324
9836,2014-07-08 14:30:00-05,0.0,nan,nan,nan,nan,nan,nan,nan,nan,nan,nan,nan,nan,nan,nan,nan,nan,0.004,nan,nan,0.0,0.0,nan,nan,nan,0.006999999999999999,nan,nan,nan,-1.7269999999999999,nan,nan,nan,nan,nan,nan,nan,nan,0.0,0.006999999999999999,nan,nan,nan,nan,nan,nan,nan,nan,0.006,nan,nan,nan,nan,nan,nan,nan,nan,nan,nan,nan,0.08800000000000001,nan,nan,nan,nan,1.935,nan,nan,nan,nan,nan,nan,nan,nan,nan,122.116,122.273
9836,2014-07-08 14:45:00-05,0.0,nan,nan,nan,nan,nan,nan,nan,nan,nan,nan,nan,nan,nan,nan,nan,nan,0.004,nan,nan,0.0,0.0,nan,nan,nan,0.006999999999999999,nan,nan,nan,-1.764,nan,nan,nan,nan,nan,nan,nan,nan,0.0,0.006999999999999999,nan,nan,nan,nan,nan,nan,nan,nan,0.006,nan,nan,nan,nan,nan,nan,nan,nan,nan,nan,nan,0.013000000000000001,nan,nan,nan,nan,1.946,nan,nan,nan,nan,nan,nan,nan,nan,nan,121.86399999999999,122.044
9836,2014-07-08 15:00:00-05,0.0,nan,nan,nan,nan,nan,nan,nan,nan,nan,nan,nan,nan,nan,nan,nan,nan,0.004,nan,nan,0.0,0.0,nan,nan,nan,0.006999999999999999,nan,nan,nan,-1.7819999999999998,nan,nan,nan,nan,nan,nan,nan,nan,0.0,0.006999999999999999,nan,nan,nan,nan,nan,nan,nan,nan,0.006,nan,nan,nan,nan,nan,nan,nan,nan,nan,nan,nan,0.006999999999999999,nan,nan,nan,nan,1.915,nan,nan,nan,nan,nan,nan,nan,nan,nan,122.193,122.405
9836,2014-07-08 15:15:00-05,0.0,nan,nan,nan,nan,nan,nan,nan,nan,nan,nan,nan,nan,nan,nan,nan,nan,0.004,nan,nan,0.0,0.0,nan,nan,nan,0.006999999999999999,nan,nan,nan,-1.761,nan,nan,nan,nan,nan,nan,nan,nan,0.0,0.006999999999999999,nan,nan,nan,nan,nan,nan,nan,nan,0.006,nan,nan,nan,nan,nan,nan,nan,nan,nan,nan,nan,0.023,nan,nan,nan,nan,1.903,nan,nan,nan,nan,nan,nan,nan,nan,nan,122.04700000000001,122.31200000000001
9836,2014-07-08 15:30:00-05,0.0,nan,nan,nan,nan,nan,nan,nan,nan,nan,nan,nan,nan,nan,nan,nan,nan,0.004,nan,nan,0.001,0.0,nan,nan,nan,0.006999999999999999,nan,nan,nan,-1.615,nan,nan,nan,nan,nan,nan,nan,nan,0.0,0.006999999999999999,nan,nan,nan,nan,nan,nan,nan,nan,0.006,nan,nan,nan,nan,nan,nan,nan,nan,nan,nan,nan,0.091,nan,nan,nan,nan,1.899,nan,nan,nan,nan,nan,nan,nan,nan,nan,121.86399999999999,122.072
9836,2014-07-08 15:45:00-05,0.0,nan,nan,nan,nan,nan,nan,nan,nan,nan,nan,nan,nan,nan,nan,nan,nan,0.004,nan,nan,0.001,0.0,nan,nan,nan,0.006999999999999999,nan,nan,nan,-1.6119999999999999,nan,nan,nan,nan,nan,nan,nan,nan,0.0,0.006999999999999999,nan,nan,nan,nan,nan,nan,nan,nan,0.006,nan,nan,nan,nan,nan,nan,nan,nan,nan,nan,nan,0.09300000000000001,nan,nan,nan,nan,1.8840000000000001,nan,nan,nan,nan,nan,nan,nan,nan,nan,122.025,122.21
9836,2014-07-08 16:00:00-05,0.0,nan,nan,nan,nan,nan,nan,nan,nan,nan,nan,nan,nan,nan,nan,nan,nan,0.004,nan,nan,0.0,0.0,nan,nan,nan,0.006999999999999999,nan,nan,nan,-1.633,nan,nan,nan,nan,nan,nan,nan,nan,0.0,0.006999999999999999,nan,nan,nan,nan,nan,nan,nan,nan,0.006,nan,nan,nan,nan,nan,nan,nan,nan,nan,nan,nan,0.087,nan,nan,nan,nan,1.849,nan,nan,nan,nan,nan,nan,nan,nan,nan,122.09100000000001,122.242
9836,2014-07-08 16:15:00-05,0.0,nan,nan,nan,nan,nan,nan,nan,nan,nan,nan,nan,nan,nan,nan,nan,nan,0.004,nan,nan,0.0,0.0,nan,nan,nan,0.006999999999999999,nan,nan,nan,-1.64,nan,nan,nan,nan,nan,nan,nan,nan,0.0,0.006999999999999999,nan,nan,nan,nan,nan,nan,nan,nan,0.006,nan,nan,nan,nan,nan,nan,nan,nan,nan,nan,nan,0.006999999999999999,nan,nan,nan,nan,1.811,nan,nan,nan,nan,nan,nan,nan,nan,nan,121.943,122.133
9836,2014-07-08 16:30:00-05,0.0,nan,nan,nan,nan,nan,nan,nan,nan,nan,nan,nan,nan,nan,nan,nan,nan,0.004,nan,nan,0.0,0.0,nan,nan,nan,0.006999999999999999,nan,nan,nan,-1.591,nan,nan,nan,nan,nan,nan,nan,nan,0.0,0.006999999999999999,nan,nan,nan,nan,nan,nan,nan,nan,0.006,nan,nan,nan,nan,nan,nan,nan,nan,nan,nan,nan,0.008,nan,nan,nan,nan,1.776,nan,nan,nan,nan,nan,nan,nan,nan,nan,121.889,122.11200000000001
9836,2014-07-08 16:45:00-05,0.0,nan,nan,nan,nan,nan,nan,nan,nan,nan,nan,nan,nan,nan,nan,nan,nan,0.004,nan,nan,0.0,0.0,nan,nan,nan,0.006999999999999999,nan,nan,nan,-1.531,nan,nan,nan,nan,nan,nan,nan,nan,0.0,0.006999999999999999,nan,nan,nan,nan,nan,nan,nan,nan,0.006,nan,nan,nan,nan,nan,nan,nan,nan,nan,nan,nan,0.03,nan,nan,nan,nan,1.72,nan,nan,nan,nan,nan,nan,nan,nan,nan,121.919,122.154
9836,2014-07-08 17:00:00-05,0.0,nan,nan,nan,nan,nan,nan,nan,nan,nan,nan,nan,nan,nan,nan,nan,nan,0.004,nan,nan,0.0,0.0,nan,nan,nan,0.006999999999999999,nan,nan,nan,-1.45,nan,nan,nan,nan,nan,nan,nan,nan,0.0,0.006999999999999999,nan,nan,nan,nan,nan,nan,nan,nan,0.006,nan,nan,nan,nan,nan,nan,nan,nan,nan,nan,nan,0.092,nan,nan,nan,nan,1.6740000000000002,nan,nan,nan,nan,nan,nan,nan,nan,nan,121.791,122.04700000000001
9836,2014-07-08 17:15:00-05,0.0,nan,nan,nan,nan,nan,nan,nan,nan,nan,nan,nan,nan,nan,nan,nan,nan,0.004,nan,nan,0.0,0.0,nan,nan,nan,0.006999999999999999,nan,nan,nan,-1.358,nan,nan,nan,nan,nan,nan,nan,nan,0.0,0.006999999999999999,nan,nan,nan,nan,nan,nan,nan,nan,0.006,nan,nan,nan,nan,nan,nan,nan,nan,nan,nan,nan,0.09300000000000001,nan,nan,nan,nan,1.619,nan,nan,nan,nan,nan,nan,nan,nan,nan,121.415,121.70299999999999
9836,2014-07-08 17:30:00-05,0.0,nan,nan,nan,nan,nan,nan,nan,nan,nan,nan,nan,nan,nan,nan,nan,nan,0.004,nan,nan,0.0,0.0,nan,nan,nan,0.006999999999999999,nan,nan,nan,-1.31,nan,nan,nan,nan,nan,nan,nan,nan,0.0,0.006999999999999999,nan,nan,nan,nan,nan,nan,nan,nan,0.006,nan,nan,nan,nan,nan,nan,nan,nan,nan,nan,nan,0.08,nan,nan,nan,nan,1.545,nan,nan,nan,nan,nan,nan,nan,nan,nan,121.73299999999999,122.024
9836,2014-07-08 17:45:00-05,0.0,nan,nan,nan,nan,nan,nan,nan,nan,nan,nan,nan,nan,nan,nan,nan,nan,0.004,nan,nan,0.0,0.0,nan,nan,nan,0.006999999999999999,nan,nan,nan,-1.324,nan,nan,nan,nan,nan,nan,nan,nan,0.0,0.006999999999999999,nan,nan,nan,nan,nan,nan,nan,nan,0.005,nan,nan,nan,nan,nan,nan,nan,nan,nan,nan,nan,0.008,nan,nan,nan,nan,1.475,nan,nan,nan,nan,nan,nan,nan,nan,nan,121.72,122.008
9836,2014-07-08 18:00:00-05,0.0,nan,nan,nan,nan,nan,nan,nan,nan,nan,nan,nan,nan,nan,nan,nan,nan,0.004,nan,nan,0.0,0.0,nan,nan,nan,0.006999999999999999,nan,nan,nan,-1.228,nan,nan,nan,nan,nan,nan,nan,nan,0.0,0.006999999999999999,nan,nan,nan,nan,nan,nan,nan,nan,0.005,nan,nan,nan,nan,nan,nan,nan,nan,nan,nan,nan,0.008,nan,nan,nan,nan,1.389,nan,nan,nan,nan,nan,nan,nan,nan,nan,121.68299999999999,121.97399999999999
9836,2014-07-08 18:15:00-05,0.0,nan,nan,nan,nan,nan,nan,nan,nan,nan,nan,nan,nan,nan,nan,nan,nan,0.004,nan,nan,0.0,0.0,nan,nan,nan,0.006999999999999999,nan,nan,nan,-1.112,nan,nan,nan,nan,nan,nan,nan,nan,0.0,0.006999999999999999,nan,nan,nan,nan,nan,nan,nan,nan,0.005,nan,nan,nan,nan,nan,nan,nan,nan,nan,nan,nan,0.037000000000000005,nan,nan,nan,nan,1.3030000000000002,nan,nan,nan,nan,nan,nan,nan,nan,nan,121.723,121.985
9836,2014-07-08 18:30:00-05,0.0,nan,nan,nan,nan,nan,nan,nan,nan,nan,nan,nan,nan,nan,nan,nan,nan,0.004,nan,nan,0.0,0.0,nan,nan,nan,0.006999999999999999,nan,nan,nan,-0.968,nan,nan,nan,nan,nan,nan,nan,nan,0.0,0.006999999999999999,nan,nan,nan,nan,nan,nan,nan,nan,0.005,nan,nan,nan,nan,nan,nan,nan,nan,nan,nan,nan,0.09300000000000001,nan,nan,nan,nan,1.207,nan,nan,nan,nan,nan,nan,nan,nan,nan,121.78200000000001,122.052
9836,2014-07-08 18:45:00-05,0.0,nan,nan,nan,nan,nan,nan,nan,nan,nan,nan,nan,nan,nan,nan,nan,nan,0.004,nan,nan,0.0,0.0,nan,nan,nan,0.006999999999999999,nan,nan,nan,-0.862,nan,nan,nan,nan,nan,nan,nan,nan,0.0,0.006999999999999999,nan,nan,nan,nan,nan,nan,nan,nan,0.005,nan,nan,nan,nan,nan,nan,nan,nan,nan,nan,nan,0.094,nan,nan,nan,nan,1.105,nan,nan,nan,nan,nan,nan,nan,nan,nan,121.79799999999999,122.103
9836,2014-07-08 19:00:00-05,0.0,nan,nan,nan,nan,nan,nan,nan,nan,nan,nan,nan,nan,nan,nan,nan,nan,0.004,nan,nan,0.0,0.0,nan,nan,nan,0.006999999999999999,nan,nan,nan,-0.773,nan,nan,nan,nan,nan,nan,nan,nan,0.0,0.006999999999999999,nan,nan,nan,nan,nan,nan,nan,nan,0.005,nan,nan,nan,nan,nan,nan,nan,nan,nan,nan,nan,0.073,nan,nan,nan,nan,1.0,nan,nan,nan,nan,nan,nan,nan,nan,nan,121.824,122.094
9836,2014-07-08 19:15:00-05,0.0,nan,nan,nan,nan,nan,nan,nan,nan,nan,nan,nan,nan,nan,nan,nan,nan,0.004,nan,nan,0.0,0.0,nan,nan,nan,0.006999999999999999,nan,nan,nan,-0.76,nan,nan,nan,nan,nan,nan,nan,nan,0.0,0.006999999999999999,nan,nan,nan,nan,nan,nan,nan,nan,0.005,nan,nan,nan,nan,nan,nan,nan,nan,nan,nan,nan,0.008,nan,nan,nan,nan,0.8959999999999999,nan,nan,nan,nan,nan,nan,nan,nan,nan,121.745,122.046
9836,2014-07-08 19:30:00-05,0.0,nan,nan,nan,nan,nan,nan,nan,nan,nan,nan,nan,nan,nan,nan,nan,nan,0.004,nan,nan,0.0,0.0,nan,nan,nan,0.008,nan,nan,nan,-0.612,nan,nan,nan,nan,nan,nan,nan,nan,0.0,0.006999999999999999,nan,nan,nan,nan,nan,nan,nan,nan,0.005,nan,nan,nan,nan,nan,nan,nan,nan,nan,nan,nan,0.008,nan,nan,nan,nan,0.784,nan,nan,nan,nan,nan,nan,nan,nan,nan,121.975,122.259
9836,2014-07-08 19:45:00-05,0.0,nan,nan,nan,nan,nan,nan,nan,nan,nan,nan,nan,nan,nan,nan,nan,nan,0.004,nan,nan,0.0,0.0,nan,nan,nan,0.006999999999999999,nan,nan,nan,-0.483,nan,nan,nan,nan,nan,nan,nan,nan,0.0,0.006999999999999999,nan,nan,nan,nan,nan,nan,nan,nan,0.005,nan,nan,nan,nan,nan,nan,nan,nan,nan,nan,nan,0.044000000000000004,nan,nan,nan,nan,0.6709999999999999,nan,nan,nan,nan,nan,nan,nan,nan,nan,121.42399999999999,121.699
9836,2014-07-08 20:00:00-05,0.0,nan,nan,nan,nan,nan,nan,nan,nan,nan,nan,nan,nan,nan,nan,nan,nan,0.004,nan,nan,0.0,0.0,nan,nan,nan,0.006999999999999999,nan,nan,nan,-0.32799999999999996,nan,nan,nan,nan,nan,nan,nan,nan,0.0,0.006999999999999999,nan,nan,nan,nan,nan,nan,nan,nan,0.005,nan,nan,nan,nan,nan,nan,nan,nan,nan,nan,nan,0.09300000000000001,nan,nan,nan,nan,0.555,nan,nan,nan,nan,nan,nan,nan,nan,nan,120.897,121.165
9836,2014-07-08 20:15:00-05,0.0,nan,nan,nan,nan,nan,nan,nan,nan,nan,nan,nan,nan,nan,nan,nan,nan,0.004,nan,nan,0.0,0.0,nan,nan,nan,0.006999999999999999,nan,nan,nan,-0.185,nan,nan,nan,nan,nan,nan,nan,nan,0.0,0.006999999999999999,nan,nan,nan,nan,nan,nan,nan,nan,0.005,nan,nan,nan,nan,nan,nan,nan,nan,nan,nan,nan,0.095,nan,nan,nan,nan,0.441,nan,nan,nan,nan,nan,nan,nan,nan,nan,120.935,121.271
9836,2014-07-08 20:30:00-05,0.0,nan,nan,nan,nan,nan,nan,nan,nan,nan,nan,nan,nan,nan,nan,nan,nan,0.004,nan,nan,0.0,0.0,nan,nan,nan,0.006999999999999999,nan,nan,nan,-0.151,nan,nan,nan,nan,nan,nan,nan,nan,0.0,0.006999999999999999,nan,nan,nan,nan,nan,nan,nan,nan,0.005,nan,nan,nan,nan,nan,nan,nan,nan,nan,nan,nan,0.065,nan,nan,nan,nan,0.332,nan,nan,nan,nan,nan,nan,nan,nan,nan,121.085,121.48100000000001
9836,2014-07-08 20:45:00-05,0.0,nan,nan,nan,nan,nan,nan,nan,nan,nan,nan,nan,nan,nan,nan,nan,nan,0.004,nan,nan,0.0,0.0,nan,nan,nan,0.006999999999999999,nan,nan,nan,-0.062,nan,nan,nan,nan,nan,nan,nan,nan,0.0,0.006999999999999999,nan,nan,nan,nan,nan,nan,nan,nan,0.005,nan,nan,nan,nan,nan,nan,nan,nan,nan,nan,nan,0.008,nan,nan,nan,nan,0.23199999999999998,nan,nan,nan,nan,nan,nan,nan,nan,nan,120.973,121.446
9836,2014-07-08 21:00:00-05,0.0,nan,nan,nan,nan,nan,nan,nan,nan,nan,nan,nan,nan,nan,nan,nan,nan,0.004,nan,nan,0.0,0.0,nan,nan,nan,0.006999999999999999,nan,nan,nan,-0.005,nan,nan,nan,nan,nan,nan,nan,nan,0.0,0.006999999999999999,nan,nan,nan,nan,nan,nan,nan,nan,0.005,nan,nan,nan,nan,nan,nan,nan,nan,nan,nan,nan,0.008,nan,nan,nan,nan,0.14,nan,nan,nan,nan,nan,nan,nan,nan,nan,121.087,121.544
9836,2014-07-08 21:15:00-05,0.0,nan,nan,nan,nan,nan,nan,nan,nan,nan,nan,nan,nan,nan,nan,nan,nan,0.004,nan,nan,0.0,0.0,nan,nan,nan,0.006999999999999999,nan,nan,nan,0.168,nan,nan,nan,nan,nan,nan,nan,nan,0.0,0.006999999999999999,nan,nan,nan,nan,nan,nan,nan,nan,0.005,nan,nan,nan,nan,nan,nan,nan,nan,nan,nan,nan,0.051,nan,nan,nan,nan,0.032,nan,nan,nan,nan,nan,nan,nan,nan,nan,120.95,121.415
9836,2014-07-08 21:30:00-05,0.0,nan,nan,nan,nan,nan,nan,nan,nan,nan,nan,nan,nan,nan,nan,nan,nan,0.004,nan,nan,0.0,0.0,nan,nan,nan,0.006999999999999999,nan,nan,nan,0.209,nan,nan,nan,nan,nan,nan,nan,nan,0.0,0.006999999999999999,nan,nan,nan,nan,nan,nan,nan,nan,0.005,nan,nan,nan,nan,nan,nan,nan,nan,nan,nan,nan,0.09300000000000001,nan,nan,nan,nan,0.011000000000000001,nan,nan,nan,nan,nan,nan,nan,nan,nan,120.73299999999999,121.271
9836,2014-07-08 21:45:00-05,0.0,nan,nan,nan,nan,nan,nan,nan,nan,nan,nan,nan,nan,nan,nan,nan,nan,0.004,nan,nan,0.0,0.0,nan,nan,nan,0.006999999999999999,nan,nan,nan,0.262,nan,nan,nan,nan,nan,nan,nan,nan,0.0,0.006999999999999999,nan,nan,nan,nan,nan,nan,nan,nan,0.005,nan,nan,nan,nan,nan,nan,nan,nan,nan,nan,nan,0.094,nan,nan,nan,nan,-0.006,nan,nan,nan,nan,nan,nan,nan,nan,nan,120.88799999999999,121.381
9836,2014-07-08 22:00:00-05,0.0,nan,nan,nan,nan,nan,nan,nan,nan,nan,nan,nan,nan,nan,nan,nan,nan,0.004,nan,nan,0.0,0.0,nan,nan,nan,0.006999999999999999,nan,nan,nan,0.297,nan,nan,nan,nan,nan,nan,nan,nan,0.0,0.006999999999999999,nan,nan,nan,nan,nan,nan,nan,nan,0.005,nan,nan,nan,nan,nan,nan,nan,nan,nan,nan,nan,0.057999999999999996,nan,nan,nan,nan,-0.015,nan,nan,nan,nan,nan,nan,nan,nan,nan,120.788,121.404
9836,2014-07-08 22:15:00-05,0.0,nan,nan,nan,nan,nan,nan,nan,nan,nan,nan,nan,nan,nan,nan,nan,nan,0.004,nan,nan,0.0,0.0,nan,nan,nan,0.006999999999999999,nan,nan,nan,0.466,nan,nan,nan,nan,nan,nan,nan,nan,0.0,0.006999999999999999,nan,nan,nan,nan,nan,nan,nan,nan,0.005,nan,nan,nan,nan,nan,nan,nan,nan,nan,nan,nan,0.009000000000000001,nan,nan,nan,nan,-0.006,nan,nan,nan,nan,nan,nan,nan,nan,nan,120.432,120.979
9836,2014-07-08 22:30:00-05,0.0,nan,nan,nan,nan,nan,nan,nan,nan,nan,nan,nan,nan,nan,nan,nan,nan,0.004,nan,nan,0.0,0.0,nan,nan,nan,0.006999999999999999,nan,nan,nan,0.449,nan,nan,nan,nan,nan,nan,nan,nan,0.0,0.006999999999999999,nan,nan,nan,nan,nan,nan,nan,nan,0.005,nan,nan,nan,nan,nan,nan,nan,nan,nan,nan,nan,0.008,nan,nan,nan,nan,0.0,nan,nan,nan,nan,nan,nan,nan,nan,nan,120.615,121.074
9836,2014-07-08 22:45:00-05,0.0,nan,nan,nan,nan,nan,nan,nan,nan,nan,nan,nan,nan,nan,nan,nan,nan,0.004,nan,nan,0.0,0.0,nan,nan,nan,0.006999999999999999,nan,nan,nan,0.539,nan,nan,nan,nan,nan,nan,nan,nan,0.0,0.006999999999999999,nan,nan,nan,nan,nan,nan,nan,nan,0.005,nan,nan,nan,nan,nan,nan,nan,nan,nan,nan,nan,0.08,nan,nan,nan,nan,0.0,nan,nan,nan,nan,nan,nan,nan,nan,nan,120.585,121.085
9836,2014-07-08 23:00:00-05,0.0,nan,nan,nan,nan,nan,nan,nan,nan,nan,nan,nan,nan,nan,nan,nan,nan,0.004,nan,nan,0.0,0.0,nan,nan,nan,0.006999999999999999,nan,nan,nan,0.629,nan,nan,nan,nan,nan,nan,nan,nan,0.0,0.006999999999999999,nan,nan,nan,nan,nan,nan,nan,nan,0.005,nan,nan,nan,nan,nan,nan,nan,nan,nan,nan,nan,0.094,nan,nan,nan,nan,0.0,nan,nan,nan,nan,nan,nan,nan,nan,nan,120.726,121.279
9836,2014-07-08 23:15:00-05,0.0,nan,nan,nan,nan,nan,nan,nan,nan,nan,nan,nan,nan,nan,nan,nan,nan,0.004,nan,nan,0.0,0.0,nan,nan,nan,0.006999999999999999,nan,nan,nan,0.376,nan,nan,nan,nan,nan,nan,nan,nan,0.0,0.006999999999999999,nan,nan,nan,nan,nan,nan,nan,nan,0.005,nan,nan,nan,nan,nan,nan,nan,nan,nan,nan,nan,0.091,nan,nan,nan,nan,0.0,nan,nan,nan,nan,nan,nan,nan,nan,nan,120.34899999999999,120.82799999999999
9836,2014-07-08 23:30:00-05,0.0,nan,nan,nan,nan,nan,nan,nan,nan,nan,nan,nan,nan,nan,nan,nan,nan,0.004,nan,nan,0.0,0.0,nan,nan,nan,0.006999999999999999,nan,nan,nan,0.823,nan,nan,nan,nan,nan,nan,nan,nan,0.0,0.006999999999999999,nan,nan,nan,nan,nan,nan,nan,nan,0.39299999999999996,nan,nan,nan,nan,nan,nan,nan,nan,nan,nan,nan,0.035,nan,nan,nan,nan,0.0,nan,nan,nan,nan,nan,nan,nan,nan,nan,120.469,120.80799999999999
9836,2014-07-08 23:45:00-05,0.0,nan,nan,nan,nan,nan,nan,nan,nan,nan,nan,nan,nan,nan,nan,nan,nan,0.004,nan,nan,0.0,0.0,nan,nan,nan,0.006999999999999999,nan,nan,nan,0.46399999999999997,nan,nan,nan,nan,nan,nan,nan,nan,0.0,0.006999999999999999,nan,nan,nan,nan,nan,nan,nan,nan,0.005,nan,nan,nan,nan,nan,nan,nan,nan,nan,nan,nan,0.037000000000000005,nan,nan,nan,nan,0.0,nan,nan,nan,nan,nan,nan,nan,nan,nan,120.59,120.965
9836,2014-07-09 00:00:00-05,0.0,nan,nan,nan,nan,nan,nan,nan,nan,nan,nan,nan,nan,nan,nan,nan,nan,0.004,nan,nan,0.0,0.0,nan,nan,nan,0.006999999999999999,nan,nan,nan,0.419,nan,nan,nan,nan,nan,nan,nan,nan,0.0,0.006999999999999999,nan,nan,nan,nan,nan,nan,nan,nan,0.005,nan,nan,nan,nan,nan,nan,nan,nan,nan,nan,nan,0.092,nan,nan,nan,nan,0.0,nan,nan,nan,nan,nan,nan,nan,nan,nan,119.90100000000001,120.289
9836,2014-07-09 00:15:00-05,0.0,nan,nan,nan,nan,nan,nan,nan,nan,nan,nan,nan,nan,nan,nan,nan,nan,0.004,nan,nan,0.0,0.0,nan,nan,nan,0.006999999999999999,nan,nan,nan,0.313,nan,nan,nan,nan,nan,nan,nan,nan,0.0,0.006999999999999999,nan,nan,nan,nan,nan,nan,nan,nan,0.005,nan,nan,nan,nan,nan,nan,nan,nan,nan,nan,nan,0.08800000000000001,nan,nan,nan,nan,0.0,nan,nan,nan,nan,nan,nan,nan,nan,nan,119.85799999999999,120.285
9836,2014-07-09 00:30:00-05,0.0,nan,nan,nan,nan,nan,nan,nan,nan,nan,nan,nan,nan,nan,nan,nan,nan,0.004,nan,nan,0.0,0.0,nan,nan,nan,0.006999999999999999,nan,nan,nan,0.522,nan,nan,nan,nan,nan,nan,nan,nan,0.0,0.006999999999999999,nan,nan,nan,nan,nan,nan,nan,nan,0.005,nan,nan,nan,nan,nan,nan,nan,nan,nan,nan,nan,0.016,nan,nan,nan,nan,0.0,nan,nan,nan,nan,nan,nan,nan,nan,nan,120.335,120.936
9836,2014-07-09 00:45:00-05,0.0,nan,nan,nan,nan,nan,nan,nan,nan,nan,nan,nan,nan,nan,nan,nan,nan,0.004,nan,nan,0.0,0.0,nan,nan,nan,0.006999999999999999,nan,nan,nan,0.518,nan,nan,nan,nan,nan,nan,nan,nan,0.0,0.006999999999999999,nan,nan,nan,nan,nan,nan,nan,nan,0.005,nan,nan,nan,nan,nan,nan,nan,nan,nan,nan,nan,0.008,nan,nan,nan,nan,0.001,nan,nan,nan,nan,nan,nan,nan,nan,nan,120.182,120.86399999999999
9836,2014-07-09 01:00:00-05,0.0,nan,nan,nan,nan,nan,nan,nan,nan,nan,nan,nan,nan,nan,nan,nan,nan,0.004,nan,nan,0.0,0.0,nan,nan,nan,0.006999999999999999,nan,nan,nan,0.307,nan,nan,nan,nan,nan,nan,nan,nan,0.0,0.006999999999999999,nan,nan,nan,nan,nan,nan,nan,nan,0.005,nan,nan,nan,nan,nan,nan,nan,nan,nan,nan,nan,0.017,nan,nan,nan,nan,0.0,nan,nan,nan,nan,nan,nan,nan,nan,nan,119.391,119.943
9836,2014-07-09 01:15:00-05,0.0,nan,nan,nan,nan,nan,nan,nan,nan,nan,nan,nan,nan,nan,nan,nan,nan,0.004,nan,nan,0.0,0.0,nan,nan,nan,0.006999999999999999,nan,nan,nan,0.332,nan,nan,nan,nan,nan,nan,nan,nan,0.0,0.006999999999999999,nan,nan,nan,nan,nan,nan,nan,nan,0.005,nan,nan,nan,nan,nan,nan,nan,nan,nan,nan,nan,0.09,nan,nan,nan,nan,0.0,nan,nan,nan,nan,nan,nan,nan,nan,nan,119.95100000000001,120.36200000000001
